{
  "loss": [
    0.3706726701180708,
    0.2979060845043753,
    0.2839450899510161,
    0.27684324386747633,
    0.27198452352350866,
    0.2666522369044971,
    0.26104042803729255,
    0.25831694035959085,
    0.25683407411110226,
    0.2543637912954155,
    0.2539035885664236,
    0.2478096073136014,
    0.24364861401313576,
    0.237626398210869,
    0.2378775478571511,
    0.23552203652491144,
    0.23348647509994924,
    0.23201773192464606,
    0.22760044671646754,
    0.22406971435055997,
    0.22257059718790823
  ],
  "val_loss": [
    0.2860544044479025,
    0.25908016918447196,
    0.4784859111203867,
    0.3048604966785362,
    0.267292353233286,
    0.27295749350655757,
    0.259502417539312,
    0.33997934476512415,
    0.3033812046106303,
    0.2790353999793466,
    0.23893723054954344,
    0.24859312096236558,
    0.3626502595806349,
    0.28764680176894375,
    0.256033859720575,
    0.33013680535030543,
    0.28732608524370773,
    0.2817758542697267,
    0.27539295355005117,
    0.3530321153896507,
    0.24461520282155821
  ],
  "mae": [
    0.2460014637856145,
    0.21208213880516139,
    0.20800963682545215,
    0.20408191918557633,
    0.20370110301837127,
    0.2024359753045549,
    0.20112618067652469,
    0.20091485483595495,
    0.19953374985429545,
    0.19832582056497627,
    0.19889728744606425,
    0.19572434841468855,
    0.1935808744939697,
    0.19089324175792935,
    0.19124490540269304,
    0.19048365269457662,
    0.18783631245847282,
    0.1874306661742751,
    0.18711242279313678,
    0.18220578778163746,
    0.18312925326228136
  ],
  "val_mae": [
    0.1556043324043464,
    0.12508229299566387,
    0.13329186328564868,
    0.13504078008538525,
    0.13167329656742968,
    0.14372223190801384,
    0.1416699757439217,
    0.13595208636685913,
    0.14040319182187966,
    0.16260783338616244,
    0.1469481101428382,
    0.13506249076295418,
    0.14017653896354404,
    0.1511353633993823,
    0.13249122111504838,
    0.1318585560641784,
    0.12372391595449407,
    0.12301309871086066,
    0.1266671143136583,
    0.1272026665117858,
    0.12309035488740439
  ]
}