{
  "loss": [
    0.36720727719376095,
    0.30710308361622457,
    0.292257339416403,
    0.2782655574628719,
    0.271918843413772,
    0.27017590056202184,
    0.2623260547037672,
    0.2628103740880066,
    0.2581613278139753,
    0.2540424659617626,
    0.2528883666017257,
    0.25003462778650554,
    0.24817042563340816,
    0.24687051571465563,
    0.24268724681403073,
    0.2388937695941939,
    0.23806779604186654,
    0.2377926844555891
  ],
  "val_loss": [
    0.2905539667536862,
    0.2645472604072656,
    0.2934200125657097,
    0.25683813660499843,
    0.27281452040165804,
    0.26852014253521067,
    0.25795993666857026,
    0.23627720941262834,
    0.31273771410933326,
    0.25457657333493044,
    0.27342523627326676,
    0.35858592089950625,
    0.26141390610006543,
    0.2693039691248424,
    0.3554826967410297,
    0.2381590323756628,
    0.2803592646230954,
    0.2666397523926596
  ],
  "mae": [
    0.2466416216783998,
    0.21512986147181237,
    0.2088853281393494,
    0.2047711350562375,
    0.20307428609036204,
    0.20480555107447204,
    0.20049709637032886,
    0.19963212295816415,
    0.20064542069994973,
    0.1989165519195326,
    0.1979413835974911,
    0.19810883465719914,
    0.19685723429329766,
    0.19651158205392727,
    0.19734181021641464,
    0.19270486012907306,
    0.1932008963585203,
    0.1921981337637583
  ],
  "val_mae": [
    0.1512506612091388,
    0.13799176293276705,
    0.14670639958451775,
    0.16640466128036213,
    0.1450404583547061,
    0.11830592344741564,
    0.12549179786560583,
    0.13145717175457297,
    0.13097420512808652,
    0.13010026367966562,
    0.14675166087613006,
    0.14583005132138824,
    0.14237268543710896,
    0.12671173431204308,
    0.11912117582594331,
    0.10407998909710826,
    0.14394719373093248,
    0.12890864574267993
  ]
}