{
  "loss": [
    0.33230099591640483,
    0.2666099554691944,
    0.2520755094330698,
    0.250791137004675,
    0.24603599837784995,
    0.24275579798487631,
    0.24272495143255754,
    0.2417848117794725,
    0.2414569442769815,
    0.23870993757383696,
    0.23055950696429825,
    0.23862625001720722,
    0.23948525659375106,
    0.23810863655599587,
    0.2402948727888414,
    0.23779353913057247,
    0.22925479619617725,
    0.23137659192474383,
    0.23490892985005618,
    0.23311877194778274,
    0.23013362942120863,
    0.2287848117947062,
    0.22863153246067797,
    0.22891336214475141,
    0.23161910957640258,
    0.2275999138261118
  ],
  "val_loss": [
    0.27957489984450545,
    0.2743862609289662,
    0.2431561269888691,
    0.2466007385373305,
    0.25686998310768866,
    0.2421718887680728,
    0.2515235866149014,
    0.25378186743238584,
    0.24705139816628605,
    0.24899013786718335,
    0.25200097814289174,
    0.23708925357509936,
    0.23927680689961933,
    0.2595992939216028,
    0.2436900888035142,
    0.23072410155034406,
    0.24640551946690048,
    0.24713751517421806,
    0.2321561755787208,
    0.2313173580841691,
    0.2527487168543605,
    0.26029715774611434,
    0.24040341699050732,
    0.23453785902334384,
    0.23138901260506242,
    0.23296646646282695
  ],
  "mae": [
    0.16039542179773147,
    0.13422221840508497,
    0.12909849643995377,
    0.12813206462532722,
    0.12666148467833355,
    0.12580138528685736,
    0.12588919855088368,
    0.12476580036567883,
    0.12510168777655373,
    0.12406952082236895,
    0.12244020704244525,
    0.12418632565592196,
    0.12442575477036741,
    0.12388637158248618,
    0.1255526892639954,
    0.12414498444078388,
    0.12201496179540555,
    0.12238010724815605,
    0.12218303578015322,
    0.12309492401651559,
    0.12106868042586526,
    0.12081420774291911,
    0.12033256584895186,
    0.1203914851696227,
    0.12153032833667556,
    0.1203383417019814
  ],
  "val_mae": [
    0.12948950258082162,
    0.11738834483524321,
    0.1238205311968962,
    0.12009686776962493,
    0.12009040775536606,
    0.11176603329074275,
    0.12196269653180825,
    0.12388994438928085,
    0.13211819730189722,
    0.11480461623012293,
    0.12753859576988802,
    0.1219791742326977,
    0.1282438426056929,
    0.13650807507087392,
    0.11690837049932788,
    0.1210661101274915,
    0.12970820663938082,
    0.1294041584543469,
    0.12717556042777337,
    0.11797727239893174,
    0.12708408624707673,
    0.11988871557708133,
    0.1128294420940382,
    0.11997268920735701,
    0.11369957533079161,
    0.11956234720802585
  ]
}